{"ip": "37.71.247.66", "ErrorMessage": "Traceback (most recent call last):\n  File \"temp2017.py\", line 17, in <module>\n    if (string1[i] != string2[j]):\nIndexError: string index out of range\n", "LastIsEmpty": false, "ErrorType": "IndexError", "CoverageInfo": [29, 11, 12, 4, 59, "10-14,", "21-23,", "29-32,", "9->10,", "15->29,", "16->29,", "18->21"], "CorrectInputs": [[["test", "test"], 1507755773]], "BadInput": ["test", "tast"], "UniqueId": "c29d728e-a99b-4609-bfbd-c31ab0034f5f_0", "TimeStamp": 1507755820}