{"ip": "73.95.106.184", "ErrorMessage": "Traceback (most recent call last):\n  File \"temp2017.py\", line 36, in <module>\n    main ()\n  File \"temp2017.py\", line 5, in main\n    number = int( input (\"\") )\nValueError: invalid literal for int() with base 10: '1.9'\n", "LastIsEmpty": false, "ErrorType": "ValueError", "CoverageInfo": [27, 21, 12, 0, 15, "6-29"], "CorrectInputs": [[["6"], 1506852876], [["0"], 1506852969], [["-5"], 1506853013]], "BadInput": ["1.9"], "UniqueId": "c2e022fe-ac48-4bd9-9d22-eded6a88b076_0", "TimeStamp": 1506853059}