{"ip": "64.50.95.2", "ErrorMessage": "Traceback (most recent call last):\n  File \"temp2017.py\", line 4, in <module>\n    speed = float(input('enter speed'))\nValueError: could not convert string to float: 'miles per hour'\n", "LastIsEmpty": false, "ErrorType": "ValueError", "CoverageInfo": [6, 2, 0, 0, 67, "5-6"], "CorrectInputs": [[["Memphis", "6", "30"], 1484364741]], "BadInput": ["Memphis", "5", "miles per hour"], "UniqueId": "c26c494c-ef5c-4f8c-cb2c-a1f1cd5f4a9f_1", "TimeStamp": 1484364704}