{"ip": "179.180.153.58", "ErrorMessage": "Traceback (most recent call last):\n  File \"temp2017.py\", line 65, in <module>\n    Professor.criar_professor()\nNameError: name 'Professor' is not defined\n", "LastIsEmpty": false, "ErrorType": "NameError", "CoverageInfo": [42, 21, 20, 3, 39, "5,", "8,", "11,", "17,", "20,", "23,", "26,", "30-36,", "59,", "67-77,", "58->59,", "61->67,", "63->58"], "CorrectInputs": [[["0"], 1501497103]], "BadInput": ["1", "s"], "UniqueId": "c2245688-5be6-4b62-df77-442f47f554f7_0", "TimeStamp": 1501497974}